pair,a,b
30000036,-0.347411377,0.463373896
31000036,-0.225055214,0.795605458
6.01003E+11,-0.36582197,0.523820965
